{"cameraMode":{"drawMode":0,"name":"Shaded","section":"Shading Mode"},"sceneLighting":true,"audioPlay":false,"sceneViewState":{"m_AlwaysRefresh":false,"showFog":true,"showSkybox":true,"showFlares":true,"showImageEffects":true,"showParticleSystems":true,"showVisualEffectGraphs":true,"m_FxEnabled":true},"in2DMode":false,"pivot":{"x":2.503565788269043,"y":16.73210906982422,"z":20.154010772705079},"rotation":{"x":0.006277143023908138,"y":-0.9302622079849243,"z":0.36650922894477847,"w":0.015913905575871469},"size":9.808984756469727,"orthographic":false}